DACtrl_ActualSpeed,Dil_CO2_Concentration,Dil_COL_Concentration,Dil_NOx_Concentration,Dil_THC_Concentration,,,,,,,,,,,,,,,,,,,,,,,,,,,,,,,,,,,,,,,,,,,,,,,,,,,,,,,,,,,,,,,,,,,,,,,,,,,,,,,,,,,,,,,,,,,,,,,,,,,,,,,,,,,,,,,,,,,,,,,,,,,1.000000
0,0,0,0,0,
130,2,300,300,300,
0.000000,0.050061,-0.812896,0.022982,6.530163,
0.000000,0.050096,-0.811893,0.023259,6.520604,
0.000000,0.050125,-0.822732,0.023652,6.523481,
0.000000,0.050043,-0.820702,0.024614,6.519915,
0.000000,0.050044,-0.804180,0.024426,6.512968,
0.000000,0.050079,-0.851384,0.020940,6.513920,
0.000000,0.050089,-0.833060,0.023068,6.517544,
0.000000,0.050230,-0.796611,0.023958,6.523510,
0.000000,0.050516,-0.823553,0.026539,6.520921,
0.000000,0.050749,-0.840767,0.026742,6.528911,
0.011589,0.050890,-0.811466,0.024616,6.527453,
0.853179,0.051078,-0.853666,0.024889,6.530189,
4.625774,0.051465,-0.845740,0.023694,6.538396,
10.152546,0.052888,-0.830107,0.025012,6.577738,
13.549577,0.055938,-0.673995,0.025744,6.807619,
14.227057,0.062642,0.839702,0.034908,8.451740,
14.866451,0.086089,12.864298,0.079997,18.649476,
15.025631,0.155372,80.560701,0.292664,48.235844,
14.894253,0.278652,302.665891,0.899828,70.794838,
14.757405,0.400288,685.873474,1.739857,85.739355,
14.633330,0.472098,908.202521,2.560420,89.869895,
14.655653,0.496196,994.778033,3.303944,63.093554,
14.770339,0.507715,934.542096,4.366412,71.403110,
14.116358,0.506361,861.521289,5.666961,78.674890,
12.286607,0.493252,743.243909,6.916216,83.944699,
9.157191,0.487173,668.219598,8.112766,87.216228,
5.280470,0.493131,609.044550,9.865913,94.546938,
1.544164,0.505533,574.104175,11.035580,90.552287,
0.171289,0.481683,545.946948,11.078716,77.285653,
0.045344,0.412242,484.410727,9.548746,62.865812,
0.009093,0.353316,393.533383,7.290998,62.380179,
0.002892,0.345583,331.695935,6.132804,62.261691,
0.000000,0.357633,328.746948,5.783110,73.198965,
0.000000,0.358483,340.301648,5.265800,61.109410,
0.000000,0.365151,342.325827,4.746517,61.411141,
0.000000,0.374274,350.289368,4.393697,59.528790,
0.000000,0.376881,354.461545,3.998131,57.851352,
0.000000,0.380332,347.867880,3.625638,57.902650,
0.000000,0.384264,338.876459,3.337153,55.129064,
0.000000,0.384062,324.479706,3.010015,52.888789,
0.000000,0.384850,302.150653,2.683485,50.603591,
0.000000,0.382193,276.771509,2.356020,71.975479,
0.000000,0.385578,247.779333,2.066740,85.129437,
0.008172,0.391278,226.185046,1.819755,80.296144,
0.002969,0.393593,202.893149,1.597955,74.659428,
0.000000,0.393995,178.603513,1.393368,68.759943,
0.000000,0.393068,155.569037,1.230197,62.997418,
0.000000,0.392522,135.230779,1.106956,56.684405,
0.000000,0.387854,116.353699,1.015424,53.019385,
0.191819,0.394860,99.304151,0.986497,49.220323,
1.678584,0.398335,86.875033,1.019799,44.888381,
5.298472,0.391828,73.804229,1.030946,42.319983,
10.442522,0.385381,63.599754,1.041479,44.223372,
14.219419,0.390985,55.253491,1.044948,42.731874,
15.243354,0.409745,49.184978,1.090459,42.442373,
16.373143,0.451769,44.992013,1.142853,43.266218,
18.182027,0.553156,42.867527,1.317934,42.904276,
20.772855,0.681551,43.429189,1.557936,44.058387,
23.248025,0.790231,44.017599,1.694884,42.264011,
25.577698,0.795604,42.243182,1.650342,41.953840,
28.308189,0.681467,36.523175,1.424300,40.026637,
30.488210,0.619045,28.547038,1.412435,41.301059,
32.076104,0.673546,22.864657,2.398950,43.517303,
32.424770,0.814381,21.227539,4.653920,44.100418,
32.065138,0.920692,24.501006,6.566811,56.570929,
32.009077,1.039540,36.525687,7.194131,63.542231,
32.011870,1.123372,58.374986,7.189353,61.510970,
32.023835,1.138133,73.976714,6.903185,53.863292,
32.017302,1.061379,71.386492,6.489251,43.609771,
32.011832,0.915841,58.448111,5.571210,42.574685,
32.009016,0.838701,43.390745,4.474107,41.120396,
32.012367,0.810482,31.596832,3.676354,36.228382,
32.008623,0.808124,23.740442,2.996372,32.084853,
31.998771,0.791567,17.877149,2.409722,28.678428,
31.992732,0.788037,13.608719,1.949262,25.883109,
31.984526,0.794733,10.592332,1.561420,23.276449,
31.987221,0.792886,8.465349,1.246571,21.112315,
31.993084,0.786342,6.757598,0.983622,19.190620,
32.012023,0.783073,5.373890,0.768219,17.768182,
32.000836,0.783020,4.225034,0.611497,16.563691,
31.971678,0.779394,3.348166,0.494865,14.415893,
31.965459,0.775460,2.624921,0.401380,13.651614,
31.973886,0.779125,2.055204,0.332174,12.997120,
31.964137,0.782772,1.590678,0.280649,12.429065,
31.748635,0.779174,1.196616,0.238542,11.927402,
30.505195,0.771886,0.927313,0.205865,11.542554,
28.337702,0.780033,0.684474,0.182722,11.236963,
25.736010,0.781432,0.547481,0.160139,10.942846,
23.095544,0.771296,0.432900,0.148198,10.665151,
19.905454,0.744549,0.299263,0.133942,10.341447,
16.848472,0.647822,0.196080,0.119206,9.894280,
15.097074,0.500132,0.058583,0.102908,9.450054,
13.217706,0.390577,-0.051988,0.087806,9.138594,
8.402652,0.351837,-0.110491,0.078389,8.952387,
4.373642,0.346584,-0.074440,0.074366,8.839083,
0.965882,0.357598,-0.120860,0.072211,8.731159,
0.113238,0.386789,-0.167912,0.067861,8.699538,
0.029650,0.442257,-0.196790,0.071720,8.752798,
0.007880,0.484607,-0.238657,0.076511,8.755521,
0.000000,0.464876,-0.228611,0.076516,8.640473,
0.000000,0.403058,-0.225204,0.070867,8.486014,
0.000000,0.338889,-0.282858,0.062458,8.309903,
0.000000,0.288811,-0.306545,0.058072,8.163710,
0.000000,0.254760,-0.326670,0.058447,8.052149,
0.000000,0.229877,-0.378073,0.056359,7.856361,
0.000000,0.215470,-0.402809,0.054558,7.752709,
0.000000,0.211307,-0.386503,0.052723,7.699106,
0.000000,0.206743,-0.429598,0.056196,7.654217,
0.000000,0.200312,-0.430953,0.057153,7.615989,
0.000000,0.198731,-0.430160,0.058574,7.570302,
0.001733,0.196012,-0.450234,0.060238,7.543797,
0.001071,0.197287,-0.478878,0.066760,7.523315,
0.000000,0.199624,-0.492441,0.068851,7.495289,
0.000000,0.197669,-0.502064,0.068852,7.468798,
0.000000,0.196187,-0.552781,0.068295,7.448259,
0.000000,0.197869,-0.533433,0.069494,7.436103,
0.007773,0.205020,-0.538885,0.071828,7.435140,
0.633829,0.204569,-0.516403,0.074261,7.417985,
3.580419,0.203400,-0.559971,0.073080,7.411908,
8.745751,0.205462,-0.558461,0.068374,7.405507,
11.879274,0.202070,-0.570317,0.072001,7.387056,
14.226407,0.205183,-0.580956,0.068575,7.409760,
14.851011,0.240556,-0.584591,0.071946,7.594357,
14.875363,0.361935,-0.501646,0.091673,8.136674,
16.050679,0.525199,-0.459427,0.130471,8.759410,
18.716175,0.597448,-0.280827,0.155580,9.208804,
20.739327,0.611820,0.036560,0.153786,9.416069,
23.240521,0.587783,0.194049,0.148919,9.106836,
25.578634,0.476937,0.200808,0.124644,8.654662,
27.443244,0.406049,0.129804,0.099170,8.566521,
29.439196,0.451148,-0.057768,0.093403,8.683933,
31.441156,0.527322,-0.080889,0.101308,8.750560,
33.587166,0.611258,-0.029270,0.109283,8.820261,
34.485380,0.688991,-0.030067,0.113924,8.766996,
34.376488,0.732048,-0.047355,0.111767,8.658991,
35.626353,0.782272,-0.160600,0.103464,8.605192,
37.991212,0.845411,-0.259033,0.100618,8.687682,
40.136876,0.909309,-0.270759,0.112453,8.914209,
41.920615,0.859966,-0.256511,0.138374,8.763565,
43.690369,0.739523,-0.238477,0.139861,8.548399,
45.491320,0.692491,-0.272328,0.133859,8.833844,
47.152812,0.823405,-0.314586,0.175167,9.336896,
48.696607,0.941916,-0.218108,0.225942,10.007743,
50.124629,0.990918,0.363382,0.246087,10.962805,
50.635413,1.025069,2.112152,0.264593,11.747779,
50.224851,1.058506,4.227996,0.273186,12.023460,
49.950758,1.080748,5.339477,0.268897,11.814453,
49.882496,1.098173,5.285427,0.245983,11.369470,
49.826582,1.095957,4.534889,0.224295,10.799478,
49.774575,0.991842,3.699237,0.199013,9.985180,
49.761391,0.810243,2.829442,0.164220,9.183081,
49.806026,0.704784,1.922985,0.131667,8.750112,
49.855564,0.642716,1.269951,0.111760,8.524534,
49.902511,0.625067,0.935754,0.103787,8.362311,
49.837078,0.615660,0.792162,0.097573,8.249365,
48.744505,0.609122,0.715068,0.094977,8.184899,
47.195231,0.609364,0.682645,0.094556,8.218473,
45.418888,0.623313,0.856258,0.094555,8.306467,
43.419942,0.633971,1.371647,0.097540,8.311165,
41.436934,0.624738,2.126109,0.096469,8.170556,
39.404883,0.557551,2.789507,0.093415,7.746113,
37.643634,0.426340,2.896137,0.079136,7.470928,
36.060556,0.327638,2.268191,0.060565,7.314230,
34.926518,0.281411,1.662969,0.054800,7.231926,
34.644797,0.257429,1.281541,0.053088,7.171065,
34.975568,0.246765,1.162898,0.047155,7.129480,
35.190015,0.237571,1.211441,0.047240,7.096199,
35.230939,0.242719,1.207655,0.045212,7.099168,
35.011284,0.268506,1.388056,0.045979,7.104997,
34.659995,0.291968,1.779012,0.047318,7.144491,
34.778114,0.341301,2.131903,0.047166,7.217490,
34.964399,0.396155,2.777410,0.052019,7.253240,
35.148399,0.404013,3.509867,0.055257,7.232406,
35.224862,0.383322,3.708064,0.052558,7.195961,
35.177340,0.352961,3.480642,0.049914,7.161220,
35.112665,0.342999,3.231073,0.047237,7.172999,
34.727544,0.347676,3.024375,0.048045,7.161024,
34.179994,0.337978,2.988327,0.051546,7.126176,
32.782516,0.326599,2.763606,0.060712,7.089809,
29.627767,0.311379,2.357379,0.071129,7.047027,
26.159982,0.298471,1.855213,0.080678,6.997981,
23.002979,0.286907,1.383346,0.086781,6.954549,
19.170077,0.263437,0.968880,0.087059,6.906032,
15.710100,0.230392,0.619269,0.081863,6.863978,
11.322294,0.206374,0.300862,0.075423,6.828657,
7.848599,0.198270,0.079874,0.071184,6.809920,
4.420303,0.204087,-0.033029,0.069462,6.799693,
1.017170,0.204422,-0.086986,0.071183,6.777029,
0.122399,0.197998,-0.226948,0.072897,6.761291,
0.030004,0.190790,-0.293532,0.068188,6.752754,
0.009441,0.194800,-0.360943,0.065412,6.742631,
0.002713,0.205644,-0.450297,0.065496,6.748670,
0.000000,0.212855,-0.449092,0.068298,6.739151,
0.000000,0.211286,-0.475392,0.068012,6.726462,
0.000000,0.198087,-0.508284,0.062439,6.720229,
0.002828,0.179007,-0.567295,0.056340,6.707678,
0.000000,0.149924,-0.595694,0.049505,6.684343,
0.000000,0.120906,-0.663029,0.042372,6.667460,
0.000000,0.102058,-0.659404,0.034454,6.642420,
0.000000,0.093731,-0.693154,0.032789,6.630494,
0.002937,0.087874,-0.747761,0.030782,6.620208,
0.005293,0.083272,-0.744595,0.031927,6.605563,
0.000000,0.083680,-0.761592,0.031348,6.605712,
0.000000,0.086000,-0.773592,0.031247,6.601448,
0.000000,0.084657,-0.712260,0.033669,6.595680,
0.007989,0.089281,-0.748053,0.032840,6.597903,
0.587053,0.106793,-0.755818,0.032588,6.610579,
3.932109,0.130466,-0.719185,0.034942,6.630113,
9.986401,0.153363,-0.736876,0.039305,6.646242,
14.208396,0.171302,-0.707606,0.040607,6.659173,
14.300928,0.181485,-0.697033,0.042022,6.665766,
14.883080,0.227872,-0.713179,0.043708,6.716168,
15.102423,0.365433,-0.634505,0.054886,6.850183,
14.670166,0.530245,-0.537105,0.070812,7.076754,
15.270680,0.623632,-0.503440,0.077481,7.300870,
15.511005,0.578933,-0.518656,0.074945,7.386588,
15.413058,0.498807,-0.557111,0.067436,7.528897,
15.110958,0.454165,-0.547699,0.066845,7.702391,
13.576374,0.420536,-0.448950,0.074434,7.835037,
11.612121,0.408575,-0.302467,0.089499,7.897947,
8.412611,0.406591,-0.152234,0.110009,7.805283,
5.537412,0.392005,0.017231,0.119978,7.648900,
1.508522,0.371307,0.099201,0.117896,7.507223,
0.199453,0.351111,0.119055,0.113171,7.349538,
0.059635,0.316733,0.075457,0.105996,7.194534,
0.015327,0.279866,-0.059414,0.093867,7.082495,
0.002832,0.256490,-0.192268,0.082544,7.001222,
0.000000,0.242051,-0.223014,0.076014,6.948613,
0.000000,0.232151,-0.277797,0.072542,6.900478,
0.000000,0.217640,-0.372533,0.069117,6.838793,
0.000000,0.190669,-0.385813,0.059898,6.769244,
0.000000,0.157340,-0.465915,0.055275,6.707462,
0.000000,0.130665,-0.589465,0.047285,6.662371,
0.000000,0.112575,-0.652536,0.041640,6.634083,
0.000000,0.104439,-0.729559,0.036965,6.628841,
0.000000,0.099809,-0.703622,0.036302,6.615434,
0.000000,0.093378,-0.688980,0.033541,6.595621,
0.000000,0.087767,-0.727744,0.030489,6.582055,
0.004627,0.084330,-0.731944,0.030342,6.578818,
0.000825,0.082723,-0.729599,0.030361,6.580889,
0.000000,0.081860,-0.788539,0.031636,6.573191,
0.000000,0.081221,-0.763460,0.031367,6.571022,
0.000000,0.079484,-0.768042,0.028017,6.567519,
0.028575,0.083076,-0.793127,0.027801,6.578930,
1.000510,0.102298,-0.756273,0.032146,6.628517,
4.480916,0.134011,-0.701175,0.039671,6.679545,
8.836108,0.160746,-0.677096,0.044829,6.700863,
11.818833,0.172144,-0.625038,0.049728,6.708963,
14.902775,0.187895,-0.591529,0.051544,6.778486,
14.970952,0.264044,-0.509241,0.056519,6.977738,
14.831230,0.409950,-0.258889,0.075135,7.201385,
16.107763,0.497275,0.221551,0.088801,7.399304,
19.851489,0.523224,0.919328,0.086194,8.173835,
23.416547,0.572623,3.674056,0.080500,9.220244,
26.162391,0.530023,12.082381,0.071023,9.114261,
28.859334,0.420687,19.922624,0.057476,8.826194,
31.202221,0.378689,21.304663,0.045234,9.834246,
31.911773,0.495038,26.887497,0.044899,11.283791,
31.913708,0.659489,49.416284,0.050131,11.546058,
31.712738,0.761843,73.678139,0.043517,11.287026,
31.691301,0.826603,81.584684,0.039439,11.095458,
31.861328,0.864319,80.856757,0.036820,10.598223,
32.087438,0.799432,79.268694,0.033029,9.678103,
32.349727,0.671133,71.074483,0.030199,8.895811,
32.569738,0.560227,57.431606,0.029027,8.346239,
32.561247,0.495179,44.673364,0.028204,8.018642,
32.073247,0.482754,36.127188,0.027573,7.715410,
31.691077,0.496391,31.844133,0.029648,7.603153,
31.702481,0.515245,29.483509,0.027805,7.497392,
31.689520,0.519365,27.713092,0.023875,7.380736,
31.677563,0.503820,25.508192,0.025009,7.248982,
31.666290,0.462588,22.640212,0.021769,7.120336,
31.664951,0.422955,19.204873,0.022123,7.048568,
31.667216,0.413289,16.310032,0.022123,7.000838,
31.707071,0.423472,14.714182,0.022123,6.945856,
31.867902,0.432226,13.779134,0.020952,6.908470,
32.049394,0.442470,12.972955,0.024483,6.881993,
32.225124,0.448300,12.287048,0.026334,6.855907,
32.360942,0.449972,11.755773,0.025376,6.833979,
31.941606,0.453756,11.266498,0.025883,6.822219,
30.450002,0.463732,10.869890,0.024053,6.819464,
28.318500,0.473534,10.632234,0.023377,6.805977,
25.297098,0.482465,10.440167,0.024323,6.800502,
22.944806,0.489196,10.202033,0.024836,6.784805,
19.972533,0.471005,9.905132,0.023860,6.745770,
16.882091,0.400443,9.149126,0.021855,6.696249,
14.185449,0.311734,7.409468,0.024862,6.650217,
11.332044,0.259628,5.358644,0.022415,6.625578,
8.178277,0.246260,4.102307,0.024444,6.613832,
4.883885,0.242713,3.625252,0.027135,6.603597,
1.117347,0.235336,3.468913,0.023857,6.588738,
0.171017,0.227102,3.251515,0.022517,6.583629,
0.039586,0.222941,2.897793,0.025685,6.581196,
0.011033,0.221546,2.751993,0.027611,6.572254,
0.005515,0.224702,2.751228,0.024308,6.572236,
0.002645,0.224747,2.676789,0.024360,6.564398,
0.000000,0.213081,2.585867,0.025355,6.554095,
0.000000,0.198517,2.356893,0.020134,6.545168,
0.000000,0.175953,2.015030,0.021603,6.542044,
0.000000,0.142649,1.660348,0.024350,6.528287,
0.000000,0.120800,1.087675,0.021019,6.513866,
0.000000,0.111877,0.606867,0.020596,6.508772,
0.000000,0.104877,0.370705,0.024723,6.504295,
0.000000,0.096542,0.236345,0.023558,6.495442,
0.000000,0.087804,0.053828,0.022707,6.485074,
0.000000,0.083014,-0.073929,0.020972,6.475541,
0.000000,0.083548,-0.185463,0.023600,6.474919,
0.000000,0.083997,-0.236588,0.026456,6.473951,
0.000000,0.082849,-0.210973,0.024470,6.468352,
0.000000,0.082157,-0.220278,0.023845,6.470719,
0.000000,0.082287,-0.233601,0.023840,6.467081,
0.002542,0.083415,-0.186503,0.025013,6.466822,
0.501871,0.094937,-0.184511,0.020941,6.482231,
3.146669,0.117274,-0.021890,0.020463,6.496769,
7.957193,0.144183,0.394455,0.023473,6.514222,
11.507065,0.163107,0.862217,0.020716,6.523299,
14.396779,0.172016,1.237521,0.022970,6.528859,
15.161106,0.204021,1.440396,0.024824,6.565638,
15.061502,0.300777,1.947122,0.030344,6.612407,
15.526464,0.412393,3.158015,0.051602,6.658474,
18.269066,0.467473,4.214879,0.110971,6.721936,
21.145858,0.502218,4.130898,0.289976,6.877617,
22.831635,0.505076,3.474728,0.586215,6.911706,
24.752217,0.414474,2.654265,0.646600,6.837264,
27.131819,0.341297,1.652761,0.536582,6.913017,
29.525404,0.393013,0.990190,0.553352,7.116057,
31.637630,0.503985,0.761773,0.685153,7.158109,
33.629885,0.559263,0.611186,0.708536,7.086184,
34.516658,0.595478,0.407504,0.633553,7.006547,
34.273544,0.668359,0.183297,0.555566,6.920982,
35.520478,0.745834,0.030984,0.481413,6.827702,
37.989381,0.801086,-0.091626,0.408184,6.733024,
40.022858,0.854261,-0.267023,0.340957,6.658712,
41.847617,0.839337,-0.368162,0.281116,6.611041,
43.808899,0.691639,-0.433994,0.217612,6.577196,
45.600964,0.623181,-0.531205,0.166999,6.539852,
47.263453,0.750541,-0.587208,0.156511,6.535456,
48.777769,0.872764,-0.599023,0.165209,6.567288,
49.996711,0.908149,-0.665165,0.167551,6.617689,
50.220081,0.956856,-0.705756,0.188855,6.655031,
50.171472,0.984393,-0.664392,0.236879,6.670017,
50.168903,1.006096,-0.712142,0.281074,6.650361,
50.193388,1.017626,-0.740350,0.292187,6.625620,
50.222958,0.975661,-0.672942,0.275279,6.596769,
50.311318,0.849154,-0.623335,0.239542,6.579143,
50.416338,0.755764,-0.683642,0.188382,6.560375,
50.470620,0.676349,-0.676769,0.149684,6.542250,
50.430161,0.631584,-0.702111,0.127250,6.518925,
50.209486,0.605154,-0.685508,0.108649,6.505615,
49.814635,0.599719,-0.638064,0.094902,6.493606,
48.637269,0.602846,-0.607959,0.086385,6.481166,
47.201933,0.605772,-0.567383,0.079063,6.466210,
45.710703,0.590491,-0.592393,0.071946,6.464886,
43.945759,0.553619,-0.652070,0.071524,6.454951,
41.841643,0.511932,-0.625331,0.059842,6.449631,
40.057129,0.454452,-0.645488,0.051136,6.458171,
38.151783,0.366817,-0.629869,0.047342,6.458200,
36.221157,0.289939,-0.656319,0.042574,6.460217,
34.914956,0.253101,-0.691188,0.037265,6.457540,
33.994943,0.238420,-0.727089,0.036555,6.446202,
33.998418,0.232964,-0.697032,0.036555,6.441422,
34.697038,0.232138,-0.701819,0.033938,6.433733,
35.184008,0.232561,-0.704417,0.034631,6.432539,
34.942248,0.236169,-0.721755,0.033667,6.424116,
34.859495,0.250669,-0.719253,0.035889,6.417108,
35.013244,0.294882,-0.732813,0.038162,6.415328,
35.220699,0.380321,-0.701076,0.049795,6.415088,
35.390581,0.432043,-0.705392,0.062010,6.428715,
35.379022,0.396944,-0.660045,0.068563,6.435817,
35.198423,0.348557,-0.663829,0.062364,6.439646,
35.165528,0.329031,-0.701436,0.060531,6.439987,
34.771994,0.314480,-0.697852,0.064211,6.443994,
34.256235,0.292747,-0.667086,0.074522,6.442152,
33.183089,0.269181,-0.777275,0.136168,6.439572,
29.997999,0.249221,-0.774407,0.253685,6.442909,
26.058928,0.242948,-0.755520,0.428017,6.437936,
22.572474,0.246005,-0.723441,0.690264,6.438930,
19.007970,0.229025,-0.767858,0.843179,6.437150,
15.112579,0.200112,-0.793329,0.794271,6.434243,
11.988142,0.180826,-0.801966,0.713224,6.433594,
8.001097,0.179435,-0.768724,0.708699,6.429029,
4.491682,0.189730,-0.758673,0.787615,6.428087,
1.150139,0.195772,-0.761380,0.871274,6.421800,
0.170041,0.190845,-0.775884,0.880240,6.426352,
0.049164,0.179934,-0.816916,0.831536,6.423910,
0.010772,0.172698,-0.815924,0.765989,6.422302,
0.002957,0.174616,-0.775442,0.748385,6.413083,
0.000000,0.177251,-0.796120,0.748302,6.418232,
0.000000,0.175143,-0.812868,0.723455,6.423463,
0.000000,0.171859,-0.786143,0.673687,6.427149,
0.000000,0.162464,-0.804970,0.625692,6.425447,
0.000000,0.138868,-0.821417,0.512671,6.423793,
0.000000,0.116726,-0.778974,0.381852,6.421593,
0.000000,0.101337,-0.835432,0.293213,6.423006,
0.000000,0.093005,-0.851340,0.234410,6.419278,
0.005664,0.087692,-0.787585,0.201683,6.415391,
0.000000,0.084995,-0.836572,0.180607,6.413798,
0.000000,0.084545,-0.827576,0.173512,6.414300,
0.000000,0.082692,-0.872851,0.167733,6.414488,
0.000000,0.079906,-0.871294,0.153778,6.412487,
0.040251,0.083038,-0.867747,0.147691,6.412027,
1.241770,0.102633,-0.848181,0.197417,6.405595,
5.437540,0.132074,-0.862084,0.289528,6.408532,
10.562923,0.153420,-0.818296,0.359885,6.415922,
13.380704,0.162667,-0.849529,0.382246,6.417317,
14.394771,0.170288,-0.842529,0.373555,6.410592,
14.951029,0.238600,-0.820815,0.426500,6.409927,
14.908772,0.388579,-0.788215,0.626257,6.422296,
14.813948,0.515357,-0.823861,0.794925,6.450960,
15.278190,0.551290,-0.846048,0.807738,6.520093,
15.380752,0.535286,-0.842282,0.761265,6.580708,
14.856043,0.478120,-0.845026,0.671663,6.620681,
14.723015,0.427735,-0.791628,0.567924,6.653335,
13.525983,0.390533,-0.822740,0.477294,6.673509,
11.644288,0.378185,-0.836486,0.410163,6.669156,
7.886697,0.373617,-0.810384,0.367624,6.637147,
4.985704,0.352877,-0.795065,0.311073,6.594151,
1.367116,0.334656,-0.772653,0.258791,6.567590,
0.225150,0.324250,-0.791213,0.228665,6.539468,
0.063886,0.306442,-0.831670,0.192575,6.521816,
0.017876,0.275064,-0.825708,0.161417,6.496139,
0.002831,0.246516,-0.799994,0.133743,6.477182,
0.000000,0.227373,-0.785776,0.112873,6.464239,
0.000000,0.219190,-0.776860,0.097245,6.452406,
0.000000,0.209392,-0.799562,0.088060,6.440518,
0.000000,0.189772,-0.772851,0.081337,6.426319,
0.000000,0.161574,-0.766968,0.066671,6.420349,
0.000000,0.134283,-0.792314,0.055137,6.413844,
0.000000,0.115843,-0.819579,0.051299,6.411289,
0.000000,0.104240,-0.846269,0.043772,6.409428,
0.000000,0.097000,-0.839066,0.039427,6.403518,
0.000000,0.095029,-0.864009,0.035988,6.395810,
0.002592,0.092462,-0.833069,0.036851,6.404848,
0.004340,0.088375,-0.839161,0.036780,6.410390,
0.001255,0.083643,-0.852020,0.032762,6.401905,
0.000000,0.079784,-0.797690,0.031682,6.402805,
0.000000,0.076217,-0.806670,0.033349,6.403379,
0.000000,0.074115,-0.835081,0.031181,6.400736,
0.001905,0.076344,-0.849425,0.034750,6.403132,
0.557980,0.092328,-0.847017,0.033481,6.401626,
3.567467,0.119811,-0.821433,0.038122,6.405241,
8.408190,0.146462,-0.793972,0.044734,6.404839,
11.691653,0.163724,-0.838462,0.049040,6.404632,
14.651510,0.179668,-0.889064,0.051850,6.399872,
15.071074,0.234630,-0.819307,0.054782,6.395937,
15.448169,0.359680,-0.765953,0.069771,6.415432,
18.192146,0.472133,-0.796650,0.085351,6.478776,
21.204005,0.512664,-0.820935,0.087037,6.778820,
24.169736,0.544620,-0.810483,0.087499,7.283912,
27.208307,0.513690,-0.779583,0.084910,7.342855,
29.899369,0.426345,-0.612949,0.069472,7.441729,
31.513031,0.428676,-0.437994,0.064846,7.985262,
31.783569,0.544044,-0.040736,0.074280,8.185625,
31.896634,0.652854,0.964595,0.084678,8.003794,
32.231659,0.751218,1.839779,0.087912,7.668659,
32.497180,0.832840,2.419064,0.090865,7.333250,
32.174378,0.834246,2.676232,0.091504,7.062589,
32.120679,0.730610,2.462679,0.085469,6.844136,
32.357762,0.613885,1.927164,0.074119,6.686039,
32.467593,0.550390,1.379395,0.069736,6.598793,
32.329369,0.531481,1.008138,0.069543,6.540215,
31.978909,0.495371,0.879183,0.068293,6.494113,
31.874437,0.454546,0.787124,0.063531,6.470552,
31.954450,0.447980,0.614972,0.061460,6.462744,
32.102342,0.457306,0.612852,0.062131,6.451126,
32.228762,0.449545,0.701513,0.060529,6.442061,
32.350670,0.423202,0.684837,0.059022,6.432041,
32.374532,0.406938,0.661774,0.053660,6.421993,
32.229883,0.411379,0.596838,0.052117,6.414213,
31.939445,0.432807,0.640317,0.049259,6.395601,
32.059051,0.447578,0.832912,0.047060,6.388483,
32.206845,0.453148,1.011922,0.044604,6.383930,
32.319792,0.451458,1.172790,0.048083,6.378087,
32.388171,0.441905,1.294032,0.044897,6.374468,
31.671560,0.419344,1.400715,0.042643,6.374892,
30.114079,0.415660,1.396431,0.040602,6.379050,
28.061012,0.433184,1.443133,0.039401,6.372968,
25.167638,0.442893,1.623100,0.038309,6.375290,
22.172168,0.441883,1.792335,0.036048,6.376746,
19.457676,0.417279,1.931604,0.039707,6.384608,
16.820794,0.353618,1.809272,0.038850,6.387667,
14.129241,0.290977,1.434239,0.037044,6.388000,
11.235192,0.256676,0.976319,0.031944,6.380825,
7.560627,0.247788,0.681835,0.037679,6.384992,
4.565037,0.244019,0.661200,0.036239,6.376459,
1.202910,0.240390,0.730705,0.030828,6.372568,
0.148834,0.229355,0.777739,0.033861,6.374183,
0.043187,0.210518,0.733710,0.032503,6.376803,
0.008921,0.202630,0.628724,0.031721,6.370385,
0.005917,0.202741,0.581072,0.033078,6.364513,
0.000000,0.203020,0.686134,0.030413,6.365110,
0.000000,0.192767,0.808948,0.028395,6.365639,
0.000000,0.179692,0.794709,0.031585,6.367902,
0.000000,0.159199,0.704439,0.028153,6.372598,
0.000000,0.132078,0.479548,0.025008,6.369293,
0.000000,0.112335,0.175725,0.024519,6.370037,
0.000000,0.103375,0.000997,0.027594,6.364894,
0.000000,0.098926,-0.151363,0.024321,6.367500,
0.000000,0.098373,-0.246957,0.026007,6.367644,
0.000000,0.099206,-0.190288,0.026597,6.356068,
0.000376,0.096273,-0.172072,0.023127,6.351807,
0.005187,0.089068,-0.258774,0.026469,6.355303,
0.000000,0.083131,-0.324038,0.026741,6.359900,
0.000000,0.080841,-0.459644,0.025131,6.352047,
0.000000,0.079949,-0.552962,0.023565,6.355920,
0.000000,0.080180,-0.459852,0.025008,6.356146,
0.004125,0.081179,-0.459556,0.023565,6.355261,
0.486961,0.089114,-0.424927,0.022722,6.357372,
2.992465,0.106428,-0.268699,0.026451,6.360558,
7.564135,0.131131,-0.041942,0.025215,6.364800,
10.665330,0.150187,0.380597,0.026283,6.361057,
13.588792,0.158673,0.737730,0.025761,6.360217,
14.433730,0.188508,0.887188,0.026759,6.357599,
14.555274,0.270792,1.422720,0.031106,6.348528,
16.414085,0.371106,2.543781,0.055786,6.347010,
18.756101,0.415470,3.494813,0.087765,6.358334,
20.192981,0.441577,3.513967,0.166774,6.382891,
22.614374,0.453602,2.958161,0.344057,6.389810,
25.289819,0.382058,2.302476,0.398416,6.400370,
27.758722,0.346435,1.495477,0.365861,6.418760,
29.822326,0.398741,0.913949,0.421305,6.427762,
31.748787,0.441383,0.611281,0.461303,6.420518,
33.679689,0.510515,0.433356,0.447923,6.399361,
34.763879,0.615051,0.248503,0.432144,6.385919,
34.674825,0.693368,0.094841,0.402161,6.378665,
35.998935,0.745938,-0.027565,0.375023,6.375895,
38.265149,0.780315,-0.169481,0.359026,6.369811,
39.929966,0.819149,-0.373364,0.335395,6.352041,
41.365257,0.821737,-0.443846,0.310695,6.344314,
43.199327,0.702451,-0.554497,0.264608,6.348467,
45.089814,0.647191,-0.625502,0.210208,6.338008,
46.822331,0.740412,-0.621308,0.196995,6.331214,
48.447046,0.808945,-0.668140,0.193831,6.355380,
49.694561,0.833369,-0.738077,0.180173,6.368349,
50.209306,0.880898,-0.697166,0.174276,6.361164,
50.245923,0.934995,-0.727100,0.177867,6.342319,
49.991164,0.976175,-0.738497,0.175831,6.310909,
49.884935,0.998406,-0.749546,0.167665,6.289704,
50.028400,0.959688,-0.792228,0.175437,6.299901,
50.246505,0.861154,-0.797226,0.177292,6.309490,
50.450348,0.769601,-0.731716,0.164171,6.317039,
50.476836,0.651769,-0.701804,0.142748,6.329103,
50.265706,0.582544,-0.711709,0.123376,6.325937,
49.934853,0.579566,-0.735618,0.117476,6.317313,
49.669642,0.593683,-0.722002,0.115429,6.303024,
48.783725,0.603874,-0.690476,0.108457,6.295986,
47.415063,0.595967,-0.682346,0.099355,6.291565,
45.884817,0.557834,-0.761512,0.085436,6.295573,
44.027347,0.507672,-0.769425,0.073590,6.294121,
41.776001,0.474780,-0.770343,0.062767,6.289145,
39.882124,0.440201,-0.764394,0.057169,6.299159,
37.904839,0.366093,-0.768168,0.050877,6.310303,
36.300485,0.292516,-0.729386,0.041866,6.315113,
34.984746,0.260322,-0.778274,0.037164,6.318890,
34.162939,0.249131,-0.767700,0.035145,6.314016,
34.206379,0.241213,-0.765964,0.035716,6.317548,
34.849057,0.232552,-0.769330,0.033354,6.313452,
35.167914,0.229908,-0.766199,0.031979,6.315708,
35.164318,0.230771,-0.781238,0.031058,6.303964,
35.141227,0.242289,-0.761009,0.030704,6.292883,
35.101104,0.289643,-0.735479,0.032807,6.273862,
35.074190,0.371795,-0.744636,0.034213,6.263400,
35.041655,0.417966,-0.757461,0.036207,6.266253,
35.072274,0.397300,-0.759027,0.037994,6.276464,
35.205845,0.357724,-0.798576,0.038267,6.283502,
35.290202,0.320023,-0.769419,0.035970,6.287424,
34.829413,0.286404,-0.735314,0.032028,6.290182,
34.339787,0.260334,-0.784104,0.032993,6.287858,
33.111743,0.245716,-0.796008,0.072280,6.287096,
29.958800,0.244717,-0.795695,0.185643,6.292127,
26.336946,0.252379,-0.793577,0.440614,6.285359,
22.862992,0.247524,-0.789095,0.742692,6.300383,
19.370920,0.217228,-0.766364,0.819321,6.302890,
15.498783,0.186031,-0.866628,0.739252,6.304122,
11.749612,0.168702,-0.824937,0.667760,6.308558,
8.338865,0.159304,-0.777843,0.648161,6.310151,
5.096463,0.159191,-0.844746,0.665458,6.304095,
1.571168,0.168632,-0.835412,0.756116,6.301400,
0.235702,0.176064,-0.830904,0.847554,6.299677,
0.063276,0.171558,-0.823523,0.851771,6.304710,
0.016044,0.167364,-0.795061,0.785528,6.304142,
0.005541,0.169539,-0.778757,0.759691,6.305607,
0.000000,0.171305,-0.768669,0.731338,6.305319,
0.000000,0.170263,-0.777049,0.687417,6.310883,
0.000000,0.166318,-0.815500,0.633575,6.317708,
0.000000,0.153672,-0.845282,0.560256,6.327751,
0.000000,0.131104,-0.801469,0.444917,6.328081,
0.000000,0.113994,-0.771339,0.338298,6.324542,
0.000000,0.106545,-0.789403,0.281485,6.327806,
0.000000,0.102001,-0.780418,0.254804,6.320607,
0.002724,0.094449,-0.806645,0.223895,6.327383,
0.000000,0.086773,-0.818369,0.188907,6.327120,
0.000000,0.080911,-0.794788,0.159340,6.326846,
0.000000,0.078184,-0.862862,0.137667,6.324083,
0.000000,0.077343,-0.831281,0.130900,6.325007,
0.011203,0.078772,-0.814710,0.130210,6.321755,
0.921522,0.090726,-0.857555,0.159284,6.319504,
4.513160,0.110692,-0.823490,0.225933,6.324801,
9.616760,0.134311,-0.772419,0.325706,6.326673,
12.663394,0.148387,-0.830882,0.417135,6.331855,
14.556930,0.158712,-0.821397,0.461884,6.324071,
14.297250,0.209912,-0.776599,0.585618,6.308013,
14.635934,0.334050,-0.822750,0.955393,6.293741,
15.330903,0.465413,-0.830328,1.376960,6.319176,
15.338202,0.518669,-0.762413,1.457109,6.395283,
15.100004,0.514455,-0.803016,1.285671,6.497717,
15.697740,0.456444,-0.828111,1.017881,6.570282,
15.639123,0.405576,-0.810731,0.769177,6.670018,
13.795648,0.393712,-0.817073,0.622066,6.775828,
11.595543,0.389050,-0.783515,0.509441,6.793226,
8.327389,0.375753,-0.797077,0.416645,6.778125,
5.175279,0.376079,-0.779128,0.355438,6.745275,
1.567955,0.376281,-0.780933,0.313444,6.663950,
0.286678,0.344107,-0.778468,0.266611,6.582980,
0.089607,0.306034,-0.770397,0.218363,6.539874,
0.028386,0.271922,-0.788411,0.183791,6.493419,
0.008297,0.239218,-0.785133,0.150988,6.457793,
0.000000,0.218447,-0.758412,0.123952,6.431640,
0.000000,0.209112,-0.766407,0.108970,6.407078,
0.000000,0.201959,-0.786430,0.096116,6.391518,
0.000000,0.189857,-0.778047,0.088661,6.379078,
0.000000,0.160215,-0.758942,0.080113,6.365814,
0.000000,0.130518,-0.789649,0.066887,6.354919,
0.000000,0.113401,-0.803840,0.056616,6.349498,
0.000000,0.101625,-0.836528,0.051725,6.340259,
0.000000,0.094981,-0.878203,0.045028,6.343689,
0.000000,0.088716,-0.847834,0.040386,6.336211,
0.001767,0.083070,-0.860439,0.036551,6.337993,
0.003621,0.080482,-0.829113,0.037434,6.344713,
0.000000,0.080502,-0.798182,0.036253,6.348736,
0.000000,0.078853,-0.841580,0.036345,6.348180,
0.000000,0.077229,-0.879494,0.038455,6.342405,
0.000000,0.076650,-0.838561,0.034522,6.342648,
0.007141,0.076569,-0.837516,0.034251,6.337639,
0.846043,0.083728,-0.882035,0.033834,6.347518,
3.682704,0.099349,-0.854926,0.037282,6.346729,
7.905192,0.122219,-0.840869,0.058894,6.353128,
12.344883,0.146298,-0.871854,0.058923,6.361309,
14.689743,0.171236,-0.855259,0.066526,6.362095,
14.782456,0.236263,-0.842181,0.080275,6.387318,
15.077423,0.344836,-0.834382,0.120563,6.405320,
16.687711,0.430532,-0.835186,0.158535,6.407474,
20.085337,0.492793,-0.836040,0.179160,6.398390,
23.579960,0.516997,-0.812324,0.180588,6.391157,
26.569530,0.467992,-0.791552,0.157894,6.390608,
29.228646,0.376821,-0.814717,0.123707,6.378516,
31.351676,0.349744,-0.806883,0.100251,6.373500,
32.304329,0.451937,-0.802051,0.092763,6.362328,
32.561412,0.603458,-0.822658,0.095434,6.321437,
32.358612,0.719831,-0.844519,0.093633,6.279666,
31.956717,0.797587,-0.786437,0.080861,6.255483,
32.086595,0.831540,-0.796899,0.072186,6.255694,
32.268883,0.782837,-0.775766,0.064924,6.264993,
32.331593,0.675247,-0.788952,0.058866,6.274452,
32.253056,0.559425,-0.804603,0.050794,6.288009,
32.066973,0.474344,-0.768202,0.043553,6.291391,
31.981923,0.441639,-0.755132,0.041460,6.288536,
32.241621,0.443238,-0.750087,0.038302,6.287773,
32.583140,0.449976,-0.739988,0.034515,6.295213,
32.630221,0.440095,-0.757240,0.033054,6.304140,
32.420891,0.417855,-0.755119,0.031632,6.297889,
32.214209,0.412783,-0.756514,0.028160,6.297459,
32.197879,0.429129,-0.771061,0.028488,6.288191,
32.316265,0.459227,-0.800634,0.033433,6.272719,
32.347420,0.465667,-0.792000,0.031230,6.270900,
32.274243,0.439310,-0.757227,0.029334,6.269360,
32.204386,0.409270,-0.748655,0.029337,6.268468,
32.092817,0.407290,-0.777634,0.030201,6.261449,
31.966790,0.424552,-0.783398,0.028392,6.254380,
31.774850,0.429564,-0.805613,0.027262,6.260031,
30.644255,0.417282,-0.798809,0.028476,6.256888,
28.765356,0.411102,-0.770941,0.027033,6.250733,
25.784326,0.407130,-0.755289,0.028445,6.257919,
23.003757,0.395405,-0.765255,0.026413,6.259614,
20.070725,0.381429,-0.787820,0.025821,6.267922,
17.029621,0.350835,-0.755265,0.024922,6.281277,
14.293970,0.302637,-0.747807,0.024149,6.282332,
11.629583,0.267472,-0.791303,0.024248,6.293311,
8.432317,0.260304,-0.822804,0.025226,6.287225,
5.130008,0.260130,-0.790156,0.025309,6.283279,
1.376903,0.247965,-0.751009,0.025006,6.285060,
0.163244,0.221610,-0.816528,0.025006,6.281739,
0.046671,0.202715,-0.831890,0.025601,6.287179,
0.014080,0.199708,-0.833549,0.025277,6.287901,
0.002769,0.200269,-0.826548,0.023860,6.280612,
0.000000,0.200749,-0.792019,0.025006,6.284592,
0.000000,0.196827,-0.823559,0.023735,6.284111,
0.000000,0.191841,-0.801418,0.021120,6.288795,
0.000000,0.171622,-0.766500,0.021974,6.303405,
0.000000,0.138285,-0.822102,0.023271,6.310101,
0.000000,0.113342,-0.782219,0.022121,6.305151,
0.000000,0.101651,-0.806777,0.022409,6.308969,
0.000000,0.096811,-0.879733,0.022121,6.308654,
0.000000,0.094416,-0.833859,0.021850,6.307100,
0.000000,0.092340,-0.801556,0.023302,6.305432,
0.000000,0.088391,-0.822692,0.020377,6.304710,
0.000000,0.083939,-0.829026,0.021913,6.301238,
0.000000,0.082562,-0.868957,0.022598,6.299437,
0.000000,0.081866,-0.877763,0.022388,6.301280,
0.000000,0.078905,-0.846211,0.021816,6.302717,
0.000000,0.077148,-0.867494,0.023284,6.301710,
0.013278,0.078678,-0.883244,0.022120,6.301695,
0.679044,0.088982,-0.819608,0.020429,6.297267,
3.817085,0.108303,-0.859575,0.020927,6.296803,
7.918049,0.133424,-0.825917,0.021872,6.296044,
11.569917,0.152765,-0.836649,0.020651,6.292949,
13.932149,0.164145,-0.832948,0.022706,6.288934,
14.376694,0.194621,-0.792969,0.020405,6.276893,
15.287254,0.268306,-0.781102,0.028159,6.252478,
16.470568,0.337076,-0.825862,0.042350,6.242844,
18.012410,0.373262,-0.830420,0.064917,6.244920,
20.662394,0.411783,-0.805066,0.139825,6.260692,
23.146780,0.408813,-0.800565,0.267587,6.289156,
25.516617,0.361205,-0.755063,0.324365,6.310716,
27.646012,0.333911,-0.805202,0.345004,6.342974,
29.702793,0.353873,-0.858317,0.388029,6.382964,
31.918689,0.437922,-0.851604,0.467589,6.399731,
34.166396,0.550124,-0.825910,0.525496,6.379360,
34.596414,0.631119,-0.795733,0.514431,6.342074,
34.755662,0.673885,-0.792661,0.450774,6.306022,
35.945564,0.718312,-0.792340,0.392751,6.281414,
37.804270,0.782370,-0.852795,0.384839,6.244239,
39.825029,0.847419,-0.837733,0.396605,6.227188,
41.728475,0.820384,-0.793838,0.371106,6.248609,
43.740840,0.663409,-0.817990,0.291525,6.259619,
45.573813,0.600643,-0.830963,0.221452,6.233982,
47.308077,0.690435,-0.803590,0.202295,6.213537,
48.888957,0.794168,-0.809838,0.212389,6.208318,
50.104564,0.860441,-0.801876,0.209886,6.205979,
50.457437,0.915579,-0.857041,0.195855,6.192682,
50.381274,0.971141,-0.873578,0.183285,6.177049,
50.236617,0.992358,-0.827505,0.169798,6.176041,
50.312718,0.996600,-0.805572,0.160928,6.173993,
50.407738,0.961441,-0.836404,0.146737,6.192021,
50.413287,0.844603,-0.820425,0.125990,6.217775,
50.155823,0.747516,-0.827831,0.105746,6.238691,
49.922752,0.647511,-0.798783,0.087121,6.248650,
49.893854,0.604792,-0.744905,0.074968,6.245162,
50.078913,0.589824,-0.757924,0.066409,6.236428,
50.139951,0.573167,-0.784514,0.061548,6.229599,
49.094718,0.537810,-0.784585,0.054267,6.243893,
47.561051,0.504764,-0.801913,0.051003,6.236513,
45.881277,0.502888,-0.805943,0.046676,6.222360,
43.927880,0.539630,-0.807038,0.043211,6.204715,
41.764682,0.565203,-0.844063,0.038914,6.209205,
39.804017,0.511009,-0.865781,0.039991,6.233558,
37.842117,0.403512,-0.814205,0.032922,6.251880,
36.379232,0.319239,-0.802029,0.030778,6.264791,
35.268122,0.279659,-0.791936,0.029363,6.262468,
35.252050,0.261751,-0.808903,0.026450,6.264370,
35.273000,0.249682,-0.785324,0.028168,6.264542,
35.152980,0.246151,-0.731868,0.026733,6.261830,
35.088504,0.241983,-0.772745,0.024158,6.263198,
35.020573,0.248301,-0.829681,0.026450,6.246273,
35.014754,0.290697,-0.777128,0.027894,6.234767,
35.241761,0.333166,-0.779142,0.028131,6.225044,
35.584437,0.343347,-0.769160,0.027893,6.234406,
35.392313,0.337879,-0.790507,0.027585,6.234089,
35.125880,0.333043,-0.820958,0.027258,6.232315,
35.152266,0.323423,-0.854402,0.026781,6.230805,
35.367937,0.311901,-0.820783,0.028752,6.225322,
35.183280,0.298647,-0.834215,0.037149,6.229088,
34.686906,0.274636,-0.823367,0.084621,6.233645,
33.604694,0.244634,-0.782478,0.172038,6.247583,
29.992941,0.229181,-0.766642,0.263919,6.243788,
25.638338,0.238607,-0.804123,0.450161,6.238016,
22.290601,0.259378,-0.850916,0.806607,6.240074,
19.172728,0.243315,-0.845255,0.977118,6.256909,
14.910199,0.205896,-0.817650,0.862153,6.264527,
11.794880,0.179560,-0.798781,0.711997,6.264488,
8.198297,0.169647,-0.874691,0.627900,6.263771,
4.915186,0.175903,-0.845158,0.611947,6.258210,
1.620070,0.188657,-0.839009,0.662182,6.254897,
0.219682,0.187905,-0.833907,0.679864,6.254612,
0.058419,0.178231,-0.787880,0.645126,6.261900,
0.015704,0.173294,-0.835320,0.621990,6.263511,
0.006532,0.176545,-0.878764,0.645660,6.267310,
0.000000,0.179791,-0.850631,0.694852,6.265650,
0.000000,0.178784,-0.853873,0.705693,6.269361,
0.000000,0.175616,-0.870002,0.702987,6.273318,
0.000000,0.157027,-0.835391,0.637163,6.280353,
0.000000,0.131171,-0.838572,0.499151,6.287412,
0.000000,0.116491,-0.836893,0.382270,6.288443,
0.000000,0.110433,-0.819952,0.335690,6.289117,
0.000000,0.101988,-0.837289,0.294128,6.290258,
0.000000,0.094647,-0.849919,0.253668,6.292364,
0.000000,0.088717,-0.822935,0.217496,6.288508,
0.000000,0.084524,-0.848162,0.192551,6.285473,
0.000000,0.081530,-0.876317,0.175891,6.293103,
0.000000,0.078586,-0.887776,0.157747,6.293109,
0.000000,0.075732,-0.906993,0.141591,6.292000,
0.000000,0.074544,-0.903471,0.131699,6.292685,
0.000000,0.072356,-0.866735,0.121909,6.292614,
0.000000,0.070950,-0.896975,0.111742,6.298339,
0.000000,0.071675,-0.839823,0.113727,6.301100,
0.000000,0.070499,-0.840890,0.113063,6.300789,
0.000000,0.067683,-0.854423,0.102551,6.294129,
0.002932,0.066362,-0.863409,0.097731,6.298354,
0.000000,0.066018,-0.871768,0.088618,6.294024,
0.000000,0.065836,-0.836607,0.087194,6.295537,
0.232607,0.065546,-0.830828,0.084967,6.294304,
2.585071,0.064283,-0.828759,0.082719,6.295706,
6.940616,0.064485,-0.860838,0.080227,6.292154,
11.236497,0.070988,-0.850493,0.089111,6.294007,
14.287203,0.086686,-0.871287,0.126845,6.286558,
14.783793,0.124781,-0.917310,0.199924,6.270511,
14.932155,0.213099,-0.904658,0.373226,6.247528,
16.154336,0.325706,-0.899233,0.599793,6.241001,
17.760647,0.410091,-0.868535,0.724539,6.244502,
20.309609,0.471526,-0.842237,0.729547,6.266331,
23.203965,0.467201,-0.836062,0.657280,6.296278,
25.522768,0.385087,-0.849605,0.510910,6.318623,
27.324357,0.332926,-0.805982,0.381821,6.378154,
29.190862,0.356089,-0.807035,0.323780,6.476463,
31.218515,0.437953,-0.796299,0.310273,6.552311,
33.337211,0.551563,-0.781389,0.328035,6.543734,
34.233211,0.637504,-0.801872,0.342164,6.481454,
34.274305,0.666943,-0.862626,0.326697,6.407909,
35.563502,0.696479,-0.842918,0.286641,6.341044,
37.727467,0.740373,-0.828112,0.254489,6.290322,
39.779400,0.801226,-0.849917,0.233543,6.239022,
41.658466,0.798118,-0.832913,0.209080,6.231415,
43.387034,0.662457,-0.857992,0.167050,6.237549,
45.076597,0.608440,-0.771334,0.128491,6.206824,
46.956882,0.713283,-0.742394,0.116524,6.176615,
48.858283,0.822644,-0.812325,0.119502,6.173618,
49.697475,0.877934,-0.817435,0.124403,6.174579,
49.300074,0.897926,-0.820370,0.134903,6.174782,
49.880187,0.925040,-0.842288,0.146830,6.153508,
51.779804,0.984757,-0.873109,0.161306,6.128847,
53.948673,1.044126,-0.881551,0.166869,6.119096,
55.737261,0.976489,-0.856152,0.156942,6.152105,
57.163753,0.782432,-0.837759,0.126324,6.187555,
58.551177,0.721755,-0.829444,0.097150,6.168172,
60.008698,0.865114,-0.826293,0.090260,6.125058,
61.501723,1.091356,-0.807901,0.096166,6.093187,
62.998484,1.175150,-0.831779,0.118673,6.111346,
64.550520,1.162349,-0.824025,0.164005,6.155772,
66.058919,1.149973,-0.810748,0.213393,6.161759,
67.682964,1.172503,-0.797830,0.227865,6.121928,
69.556367,1.209034,-0.765531,0.211140,6.093581,
69.884933,1.248784,-0.754875,0.175897,6.099871,
69.182121,1.285776,-0.732090,0.138362,6.116695,
69.248719,1.334191,-0.692996,0.107572,6.093822,
69.582659,1.420422,-0.638588,0.087620,6.063342,
69.817334,1.504807,-0.539450,0.075099,6.061527,
69.970355,1.366963,-0.504076,0.067702,6.117568,
69.986110,1.027629,-0.472357,0.055400,6.174183,
69.977555,0.859487,-0.526418,0.047423,6.203804,
69.967906,0.844952,-0.548100,0.042865,6.209433,
69.961291,0.840583,-0.538525,0.043993,6.216641,
69.961207,0.813445,-0.521847,0.038000,6.214584,
69.961939,0.796866,-0.512868,0.037315,6.201861,
69.966913,0.763084,-0.498620,0.034809,6.191184,
69.964206,0.745259,-0.550304,0.031336,6.176863,
69.964468,0.730666,-0.551792,0.032449,6.166388,
69.961704,0.724556,-0.588485,0.029293,6.162427,
69.953471,0.723283,-0.583309,0.028157,6.153478,
69.940523,0.715153,-0.567280,0.025881,6.150081,
69.938998,0.717472,-0.575161,0.025294,6.144326,
69.924862,0.718108,-0.581606,0.025062,6.136401,
69.923299,0.716703,-0.574800,0.027899,6.130147,
69.928214,0.713180,-0.602189,0.026957,6.129504,
69.923888,0.709753,-0.608459,0.027398,6.129949,
69.924648,0.702585,-0.601868,0.025515,6.131782,
69.919843,0.705077,-0.605071,0.027680,6.129021,
69.922498,0.712132,-0.571986,0.025244,6.127303,
69.915427,0.717705,-0.565165,0.024072,6.127340,
69.909011,0.712866,-0.551292,0.025639,6.135512,
69.908919,0.707038,-0.454598,0.022358,6.142440,
69.906552,0.700050,-0.397938,0.023926,6.143131,
69.915263,0.700572,-0.359714,0.023792,6.142925,
70.017782,0.704203,-0.321439,0.024256,6.142505,
70.171723,0.700248,-0.245390,0.025870,6.138100,
70.319086,0.695616,-0.211138,0.029074,6.133429,
70.455563,0.704515,-0.100767,0.027007,6.128290,
70.594025,0.715119,-0.049030,0.026736,6.129400,
70.655432,0.725177,-0.032355,0.029036,6.122069,
70.536855,0.742130,0.078259,0.027005,6.117758,
70.336979,0.756396,0.136712,0.027043,6.110797,
70.093294,0.765329,0.196190,0.027900,6.109444,
69.899730,0.775681,0.271046,0.028697,6.109369,
69.809861,0.768689,0.359634,0.025878,6.118287,
69.756300,0.733982,0.368641,0.026811,6.137478,
69.748179,0.688533,0.374960,0.026686,6.154207,
69.759304,0.646519,0.364658,0.025919,6.156894,
69.770795,0.628215,0.302141,0.027029,6.162106,
69.787286,0.632821,0.294059,0.025648,6.146958,
69.806202,0.659684,0.283275,0.026413,6.139188,
69.824982,0.674248,0.346023,0.026769,6.131609,
69.634616,0.683177,0.391164,0.027580,6.129700,
68.505684,0.689614,0.418229,0.026581,6.125618,
66.802425,0.697513,0.446878,0.036829,6.122307,
64.391720,0.704652,0.492943,0.028436,6.121829,
61.436646,0.706468,0.519779,0.026420,6.123760,
59.082109,0.689322,0.523591,0.028458,6.144860,
56.744970,0.589181,0.499593,0.028976,6.183401,
54.414576,0.436393,0.331281,0.022663,6.218204,
51.927554,0.334302,0.052059,0.024661,6.234941,
50.451641,0.283615,-0.208181,0.024742,6.246713,
49.724067,0.262998,-0.341706,0.021540,6.250035,
49.588921,0.253621,-0.341071,0.025609,6.249202,
49.930013,0.249776,-0.341030,0.022663,6.249308,
50.409447,0.239334,-0.371949,0.024117,6.245699,
50.496135,0.232868,-0.389585,0.023667,6.240898,
50.287757,0.255160,-0.427758,0.024607,6.228545,
50.089344,0.308627,-0.370965,0.025967,6.201393,
49.948248,0.402156,-0.233686,0.028535,6.172058,
49.914167,0.478438,-0.031467,0.040011,6.158688,
50.104533,0.478745,0.134966,0.082562,6.171954,
50.329938,0.428713,0.140530,0.132359,6.190695,
50.509149,0.381083,-0.053611,0.176725,6.194442,
50.620401,0.349610,-0.204996,0.218032,6.200327,
50.653909,0.351277,-0.300935,0.270480,6.198141,
50.643972,0.384785,-0.355748,0.323425,6.191727,
50.552089,0.424540,-0.427660,0.364106,6.192884,
50.411818,0.453071,-0.512900,0.370038,6.207675,
50.274943,0.464383,-0.575326,0.353411,6.232914,
50.173967,0.465692,-0.642408,0.323065,6.241361,
50.230693,0.465884,-0.652579,0.293204,6.256781,
50.369071,0.464089,-0.682790,0.261109,6.256003,
50.449443,0.449509,-0.706484,0.227083,6.246673,
50.382916,0.429690,-0.721269,0.193536,6.233588,
50.194810,0.423418,-0.781993,0.163691,6.221110,
50.055357,0.440927,-0.755780,0.147481,6.214857,
50.048289,0.467538,-0.750889,0.136483,6.197490,
50.098219,0.479369,-0.789041,0.130502,6.196251,
50.150186,0.478190,-0.798587,0.120668,6.194155,
50.202926,0.454020,-0.769192,0.117100,6.201025,
50.234972,0.433636,-0.778559,0.111331,6.209651,
50.267663,0.432101,-0.777500,0.106147,6.207289,
50.183618,0.446523,-0.787638,0.107624,6.200000,
50.038559,0.462927,-0.771123,0.115256,6.197812,
50.028408,0.466483,-0.800624,0.120029,6.194956,
50.086817,0.472558,-0.808772,0.121259,6.184000,
50.131533,0.475408,-0.858683,0.129907,6.191398,
50.174696,0.465110,-0.819309,0.131479,6.195491,
50.213842,0.446799,-0.824392,0.128334,6.197344,
50.254274,0.440666,-0.832658,0.127706,6.199428,
50.281315,0.452534,-0.812075,0.129238,6.196779,
50.148782,0.466866,-0.799431,0.128565,6.188869,
50.114727,0.472250,-0.826827,0.123902,6.188997,
50.247089,0.473093,-0.773190,0.116381,6.185799,
50.341840,0.475392,-0.798179,0.108250,6.188586,
50.188609,0.473667,-0.803770,0.101312,6.194871,
49.882891,0.457682,-0.811580,0.095993,6.198844,
49.683012,0.441885,-0.825523,0.089194,6.197329,
49.730618,0.452076,-0.810954,0.083826,6.189505,
49.944429,0.471729,-0.771277,0.082738,6.184781,
50.170685,0.462785,-0.772005,0.079776,6.190372,
50.238055,0.429823,-0.788125,0.073186,6.193229,
50.087595,0.406561,-0.739105,0.065420,6.190328,
49.963866,0.421490,-0.836897,0.063034,6.177856,
50.001423,0.463040,-0.774633,0.064563,6.167529,
50.064673,0.489344,-0.726843,0.063440,6.168181,
50.103100,0.497020,-0.724705,0.064785,6.172640,
50.052551,0.475076,-0.643685,0.061008,6.186564,
49.978369,0.447428,-0.617994,0.055981,6.184249,
49.993463,0.447765,-0.656096,0.050439,6.185917,
50.123818,0.459041,-0.597116,0.051863,6.183329,
50.209615,0.464861,-0.502490,0.049149,6.189520,
50.143287,0.459781,-0.442609,0.048103,6.188951,
50.010995,0.447725,-0.410373,0.046832,6.186515,
49.940814,0.449653,-0.388535,0.045217,6.187450,
49.999095,0.463456,-0.313803,0.042477,6.183400,
50.110627,0.470656,-0.227523,0.051380,6.176315,
50.373252,0.465245,-0.203305,0.044948,6.179487,
50.783929,0.452775,-0.184856,0.044654,6.188209,
51.411375,0.442719,-0.099518,0.045802,6.187808,
52.773449,0.453279,-0.037661,0.044064,6.175716,
54.518254,0.472426,-0.023577,0.042084,6.168485,
55.964054,0.500523,0.040675,0.044169,6.164252,
57.021547,0.531442,0.152888,0.040426,6.155860,
58.340282,0.594575,0.305963,0.040741,6.128459,
59.795497,0.738821,0.572340,0.048673,6.085442,
61.276347,0.903167,1.031426,0.055362,6.063635,
62.849022,0.982774,1.545846,0.065657,6.093700,
64.506330,0.973681,2.049474,0.090727,6.143376,
66.241022,1.008449,2.313908,0.141031,6.192249,
68.126488,1.078300,2.723137,0.198284,6.214590,
70.044180,1.144402,3.362719,0.225045,6.203181,
70.317048,1.220206,4.189294,0.222203,6.193430,
69.621729,1.300335,5.307850,0.199332,6.203391,
69.535070,1.386778,6.975637,0.163866,6.252768,
69.926919,1.494672,9.102837,0.125940,6.336541,
70.210428,1.574267,11.521371,0.096101,6.418089,
70.244727,1.382332,13.415763,0.072377,6.416391,
70.159522,1.007531,12.833285,0.049291,6.401435,
70.185876,0.831839,9.646948,0.038579,6.450687,
70.279838,0.828304,7.066541,0.031794,6.514266,
70.366780,0.832437,6.220724,0.027899,6.510048,
70.258321,0.804572,6.042652,0.025664,6.460255,
70.084624,0.760915,5.526722,0.025493,6.395928,
70.049953,0.746613,4.839619,0.023948,6.326582,
70.055762,0.754846,4.490938,0.025905,6.264335,
70.122964,0.748074,4.316440,0.022751,6.219157,
70.213710,0.713536,4.060268,0.025014,6.195626,
70.307748,0.676686,3.626960,0.025013,6.173440,
70.398985,0.672405,3.238755,0.026263,6.155484,
70.410382,0.687116,3.035144,0.026271,6.135937,
70.136068,0.707669,2.954045,0.027139,6.122981,
69.870947,0.726019,2.930549,0.025992,6.114188,
69.834184,0.731100,2.850434,0.022411,6.110900,
69.891552,0.731407,2.759764,0.022413,6.110604,
69.996306,0.723263,2.637080,0.022908,6.122380,
70.098771,0.678623,2.436245,0.022204,6.139559,
70.185980,0.638219,2.139391,0.022603,6.110854,
70.217848,0.644039,1.879880,0.023932,6.086195,
70.200578,0.673173,1.816086,0.021160,6.078497,
70.181508,0.693388,1.842064,0.023648,6.073411,
70.159767,0.708258,1.845907,0.023173,6.100269,
70.151228,0.728882,1.846206,0.022839,6.135928,
70.137173,0.726352,1.798737,0.021539,6.142094,
70.131761,0.717648,1.722500,0.021250,6.137057,
70.124632,0.709265,1.692405,0.023447,6.134936,
70.126066,0.696736,1.622056,0.022520,6.141274,
70.124094,0.693845,1.494217,0.022684,6.130839,
70.118530,0.704029,1.391108,0.021253,6.125439,
70.118350,0.703571,1.399067,0.023583,6.128510,
70.114013,0.697635,1.348408,0.021191,6.127030,
70.104883,0.699265,1.310930,0.024819,6.125301,
70.099365,0.701114,1.326934,0.022126,6.124200,
70.082539,0.692578,1.342118,0.022698,6.127361,
70.076629,0.691583,1.317932,0.019902,6.123297,
70.062743,0.694541,1.229607,0.024162,6.120492,
70.052469,0.695075,1.204510,0.024575,6.113698,
70.060983,0.698435,1.287586,0.023812,6.119601,
70.054526,0.693818,1.251015,0.023324,6.117089,
70.049464,0.686706,1.216667,0.021267,6.108623,
70.039684,0.693114,1.228737,0.020095,6.101232,
70.066613,0.694489,1.183962,0.022424,6.102079,
70.437784,0.694547,1.209557,0.020952,6.101739,
71.317727,0.695848,1.171958,0.019238,6.106974,
72.125607,0.700048,1.207052,0.020104,6.106255,
73.034035,0.696500,1.246586,0.022697,6.112411,
73.969032,0.700851,1.274050,0.020959,6.103101,
74.865790,0.763471,1.236838,0.022125,6.061752,
75.703954,0.892182,1.385126,0.022979,6.019719,
76.537386,1.014501,1.768246,0.020086,5.997350,
77.330167,1.089416,2.159328,0.019239,5.985094,
78.100744,1.154408,2.358934,0.021826,5.977560,
78.923786,1.199597,2.541282,0.021842,5.986389,
79.789170,1.220507,2.643336,0.025589,5.996339,
80.758638,1.235105,2.653001,0.024422,6.008653,
81.731980,1.244326,2.592793,0.022125,6.018724,
82.663383,1.259393,2.500121,0.022413,6.019755,
83.577721,1.278143,2.423358,0.023297,6.015878,
84.457587,1.319255,2.391625,0.020392,5.998630,
85.298737,1.387306,2.351522,0.019827,5.992379,
86.087740,1.436780,2.357821,0.020647,6.009417,
86.845806,1.477232,2.319172,0.022124,6.029014,
87.565071,1.507125,2.220125,0.021815,6.049859,
88.318063,1.520100,2.193777,0.020362,6.061725,
89.114689,1.522338,2.122509,0.026826,6.058694,
89.964156,1.520847,2.014743,0.021848,6.037301,
90.893841,1.521881,1.911101,0.021011,6.019109,
91.918923,1.525361,1.795676,0.022977,5.999196,
92.965078,1.543576,1.725450,0.021834,5.982308,
93.986059,1.575925,1.692578,0.022123,5.976303,
94.954744,1.623317,1.691323,0.022123,5.970553,
95.773368,1.697172,1.742842,0.021856,5.978230,
96.329234,1.817457,1.888881,0.020366,5.977391,
96.860461,1.929370,2.020952,0.018939,6.017660,
97.563251,1.972611,2.174087,0.022128,6.075936,
98.425031,1.981968,2.300177,0.020422,6.120328,
99.276588,1.942923,2.447509,0.027318,6.143214,
100.002620,1.859624,2.564122,0.028793,6.141953,
100.208346,1.820507,2.598577,0.022390,6.106896,
100.126346,1.875116,2.493311,0.024465,6.028839,
100.009369,1.961630,2.675940,0.022977,5.953066,
99.890351,2.022339,2.907834,0.024742,5.908220,
99.780315,1.990521,3.192118,0.025009,5.903898,
99.799626,1.822202,3.398580,0.025009,5.937657,
99.865518,1.620425,3.314359,0.025009,5.966796,
99.971434,1.487852,2.999707,0.023786,5.968172,
100.088185,1.417802,2.756584,0.022123,5.958680,
100.195408,1.385334,2.583119,0.024259,5.947719,
100.298004,1.396909,2.551965,0.021264,5.948000,
100.279204,1.423753,2.642712,0.022831,5.951196,
100.142354,1.450248,2.715553,0.023127,5.967447,
99.987351,1.466405,2.829411,0.026303,5.965956,
99.876882,1.479947,2.990481,0.024587,5.963383,
99.780219,1.479854,3.056067,0.024835,5.952377,
99.801170,1.436411,3.104530,0.024734,5.966200,
99.901282,1.390539,3.068224,0.027622,5.999886,
100.025269,1.356941,2.933709,0.025007,6.034906,
100.138860,1.331062,2.850270,0.023419,6.047744,
100.246260,1.337931,2.780369,0.024002,6.047132,
100.316257,1.376260,2.711756,0.024719,6.041731,
100.271801,1.415135,2.830739,0.024834,6.034914,
100.221710,1.450412,2.940589,0.024615,6.041351,
100.155940,1.460866,3.002842,0.023207,6.060419,
100.094140,1.478393,3.106198,0.023066,6.084985,
100.039864,1.468755,3.143632,0.023958,6.090966,
99.998297,1.423581,3.042683,0.023839,6.073961,
100.010546,1.399021,2.893883,0.021818,6.059624,
100.489108,1.387276,2.777063,0.021383,6.041934,
101.449335,1.377895,2.710170,0.024422,6.028269,
102.687335,1.370673,2.639940,0.024842,6.023408,
103.921136,1.367874,2.542663,0.022290,6.041842,
105.089895,1.420869,2.420563,0.023689,6.105639,
106.137627,1.600546,2.405900,0.025367,6.249486,
107.026524,1.951265,2.586755,0.027609,6.594762,
107.847009,2.244420,2.967418,0.033013,7.191779,
108.634622,2.423613,3.325308,0.050382,7.375632,
109.459769,2.502230,3.478249,0.059766,7.141789,
110.378415,2.499796,3.438881,0.047797,6.855507,
111.343915,2.476837,3.291105,0.038747,6.604867,
112.374600,2.460650,3.104696,0.033703,6.413461,
113.404599,2.460876,2.967274,0.029129,6.281687,
114.408179,2.500822,2.831283,0.030435,6.211334,
115.364095,2.575419,2.694546,0.028787,6.202567,
116.247540,2.670210,2.708325,0.028201,6.252558,
117.083701,2.773104,2.793899,0.030165,6.349746,
117.924137,2.859552,2.891752,0.030508,6.422165,
118.759549,2.916732,3.003794,0.031337,6.475856,
119.560204,2.943142,3.108792,0.032221,6.518486,
120.021346,2.945778,3.208140,0.033381,6.550175,
120.112168,2.950903,3.312471,0.049833,6.550907,
120.056667,2.977984,3.399693,0.069507,6.499585,
119.996855,3.018583,3.433441,0.083982,6.491414,
119.930627,3.008615,3.533883,0.134876,6.500585,
119.872721,2.851324,3.646459,0.246696,6.472568,
119.872099,2.636184,3.518537,0.414060,6.377873,
119.897338,2.459528,3.230106,0.579489,6.241687,
119.967786,2.346509,2.858481,0.714709,6.119522,
118.606686,2.286813,2.648012,0.743576,6.029071,
116.150730,2.265191,2.558770,0.754809,5.966604,
113.731169,2.266005,2.460892,0.886392,5.940878,
111.282262,2.272319,2.407000,1.255992,5.923186,
108.753882,2.197320,2.328338,1.572617,5.926755,
106.258080,1.687932,2.214753,1.467624,6.018749,
103.731105,1.189239,1.797731,1.034625,6.108175,
101.360460,0.840018,1.066199,0.651409,6.154966,
98.720080,0.692317,0.429304,0.426819,6.179401,
96.173995,0.563734,0.072592,0.294755,6.189169,
93.920011,0.484092,-0.084354,0.212638,6.205319,
91.548964,0.439693,-0.198233,0.163862,6.203648,
89.040462,0.414098,-0.256909,0.129517,6.217649,
86.506440,0.391369,-0.310710,0.107636,6.227041,
83.916389,0.370112,-0.346492,0.098484,6.225113,
81.397380,0.345298,-0.346480,0.101663,6.223756,
78.203177,0.315347,-0.369454,0.115924,6.233219,
74.666690,0.281550,-0.397004,0.134127,6.229402,
70.955870,0.256758,-0.462022,0.156885,6.233486,
66.975328,0.231504,-0.498276,0.173189,6.238309,
63.098730,0.207819,-0.479437,0.187459,6.233940,
59.423220,0.188097,-0.526190,0.203365,6.238483,
55.515005,0.169779,-0.565360,0.209209,6.240209,
51.511481,0.155082,-0.588709,0.209112,6.238908,
47.462417,0.144721,-0.595184,0.211952,6.239739,
42.860208,0.134312,-0.598339,0.213587,6.238599,
37.734526,0.125671,-0.612084,0.214419,6.243388,
32.659495,0.119976,-0.569838,0.220597,6.250429,
27.507535,0.113060,-0.619176,0.220211,6.248771,
22.574069,0.106332,-0.625340,0.214589,6.253032,
17.626423,0.099822,-0.638192,0.207350,6.253569,
12.325501,0.094046,-0.688826,0.195638,6.254102,
7.187033,0.088734,-0.693834,0.190113,6.253449,
2.056939,0.084624,-0.708852,0.177103,6.247384,
0.235214,0.081304,-0.723633,0.168850,6.250246,
0.063278,0.078653,-0.716815,0.157638,6.246959,
0.015795,0.077257,-0.718084,0.156942,6.241612,
0.005236,0.076317,-0.733001,0.156966,6.246027,
0.000000,0.075232,-0.743210,0.162186,6.240180,
0.000000,0.073937,-0.771313,0.164057,6.241657,
0.000000,0.072087,-0.800829,0.152858,6.242318,
0.000000,0.069937,-0.761244,0.139839,6.247317,
0.000000,0.067716,-0.767676,0.123113,6.250413,
0.002957,0.065465,-0.786750,0.100987,6.261035,
0.002657,0.064082,-0.830646,0.087853,6.259124,
0.000324,0.063059,-0.840108,0.076276,6.257685,
0.005192,0.061954,-0.844828,0.069261,6.255800,
0.000000,0.061069,-0.862781,0.064836,6.252277,
0.000000,0.060617,-0.874080,0.059362,6.256297,
0.000000,0.060117,-0.871629,0.056737,6.257542,
0.000000,0.059778,-0.889184,0.053945,6.253002,
0.000000,0.059237,-0.905559,0.049536,6.248011,
0.000000,0.058656,-0.897903,0.046496,6.248231,
0.000000,0.058131,-0.894350,0.045569,6.248904,
